{"sys_time_budget": [0.016666666666666666, 0.0453133463910331, 0.12319796166922513, 0.3349507147072089, 0.9106642655671118, 2.4759147186946975, 6.731518876972201, 18.30165879660117, 49.75856427485322, 135.28362353441455, 367.8092216549427, 1000.0000000000005], "sys_acc": [[0.8004514144757359, 0.8025028999586573, 0.8029328312509615, 0.8027761101237753, 0.8028346587938784, 0.8030174364188694, 0.803009797844441, 0.8028094192773091, 0.8031232907610111, 0.8031991349785236, 0.8031991349785236, 0.8032615745641593], [0.8028126936941679, 0.8018991728518491, 0.8028422478926274, 0.8025287327973367, 0.8028094192773091, 0.8027761101237753, 0.8031232907610111, 0.8030174364188694, 0.8025696501133233, 0.8031991349785236, 0.8031991349785236, 0.8032615745641593], [0.8015372915191216, 0.8017842222321859, 0.8028094192773091, 0.802734937036296, 0.8027024151302942, 0.8027024151302942, 0.8030006773540681, 0.8030174364188694, 0.8031991349785236, 0.8031991349785236, 0.8031991349785236, 0.8032615745641593], [0.8024824326485226, 0.802710499215131, 0.8028810625421267, 0.8026235534657213, 0.8028904407518255, 0.8030174364188694, 0.8028094192773091, 0.8032278661585799, 0.8025696501133233, 0.8031991349785236, 0.8031991349785236, 0.8032615745641593], [0.8029460845481919, 0.8029558640314879, 0.8031329452202751, 0.8030277793951112, 0.8024096321983534, 0.8027024151302942, 0.8028346587938784, 0.8028094192773091, 0.8031232907610111, 0.8030174364188694, 0.8031991349785236, 0.8032615745641593]]}