{"sys_time_budget": [0.016666666666666666, 0.02626764333582062, 0.0413993451850729, 0.06524779401948105, 0.10283434690516911, 0.16207295683062192, 0.2554364774645177, 0.40258285709978014, 0.6344941742047598, 1.0], "sys_acc": [[0.643324527039657, 0.6473621478325046, 0.6411344883722131, 0.6418077176091126, 0.640415930039229, 0.660170797510738, 0.6514365196337357, 0.6610849994865589, 0.6603916892623958, 0.6542862954533568], [0.6316360855114433, 0.6584952321469731, 0.6418342495723998, 0.6451185631134025, 0.6559368857550845, 0.6423720895809774, 0.6458462038122978, 0.660170797510738, 0.6610849994865589, 0.6700020728919526], [0.6528555246891017, 0.6325747036285235, 0.6434769683574924, 0.6537079199559308, 0.6480588689058527, 0.6568534062606153, 0.6391630582037006, 0.6633136488655116, 0.6541452467956592, 0.6588889073095964], [0.6445871142675899, 0.6651133885786245, 0.6125420020950471, 0.6474143365355858, 0.6415491868759492, 0.6338712219312443, 0.6610746402626679, 0.658658867875298, 0.6585524666962556, 0.6717315812198316], [0.6386650356828351, 0.6476757246741278, 0.6425960117188313, 0.6509095504674163, 0.6502499406069576, 0.6458151707596027, 0.6509799969070399, 0.665746456733626, 0.6610746402626679, 0.6633136488655116], [0.6445816695184565, 0.6437261996368937, 0.6439032825409625, 0.6428969996571456, 0.6284289864326369, 0.6442905030857651, 0.6474143365355858, 0.6603916892623958, 0.657982369478229, 0.6617302467292423], [0.6400493275814647, 0.6340983554823866, 0.5976735137147484, 0.6144235049924766, 0.605897986783491, 0.6530065271117476, 0.660170797510738, 0.6569662836244065, 0.6541452467956592, 0.6700020728919526], [0.6310305071908856, 0.6053163273047851, 0.6324463119662176, 0.6497044800191741, 0.6494510096405622, 0.6447338880320963, 0.6484403408266456, 0.6717315812198316, 0.6615524013751926, 0.660170797510738], [0.6221316088945108, 0.6378431146470834, 0.6506212888624658, 0.64863091781008, 0.640415930039229, 0.6513882696719904, 0.6528895757645262, 0.6538069202016215, 0.6514365196337357, 0.6615524013751926], [0.6504935604492984, 0.6434524729773723, 0.6451005357139293, 0.6585524666962556, 0.6585524666962556, 0.6470813286045777, 0.6541452467956592, 0.6548664992468428, 0.6530065271117476, 0.6610849994865589], [0.6441873092679267, 0.6331081550989761, 0.6485550620160251, 0.6462604192951507, 0.6542862954533568, 0.6509799969070399, 0.6528555246891017, 0.6538069202016215, 0.6730820037891773, 0.660170797510738], [0.6478232438501581, 0.644518689367035, 0.664619959169612, 0.635642918942555, 0.6376380082524749, 0.6559066769706449, 0.6528895757645262, 0.6418470052582866, 0.6548664992468428, 0.657982369478229], [0.6470518017645328, 0.6479698792654169, 0.631922193994808, 0.6344972802184452, 0.6436148797505863, 0.641058253741962, 0.660170797510738, 0.6717315812198316, 0.6541452467956592, 0.6603916892623958], [0.6298080908427096, 0.6388983881959525, 0.64863091781008, 0.6400612527335702, 0.6528211340777426, 0.6504287681237959, 0.6528211340777426, 0.657982369478229, 0.6538069202016215, 0.660170797510738], [0.6490234255743645, 0.6528461662935102, 0.646254530489865, 0.6521136622281746, 0.6168227396031171, 0.64863091781008, 0.6418470052582866, 0.6610849994865589, 0.657982369478229, 0.6615524013751926]]}