{"sys_time_budget": [0.016666666666666666, 0.0453133463910331, 0.12319796166922513, 0.3349507147072089, 0.9106642655671118, 2.4759147186946975, 6.731518876972201, 18.30165879660117, 49.75856427485322, 135.28362353441455, 367.8092216549427, 1000.0000000000005], "sys_acc": [[0.5896927098234916, 0.5970034285678736, 0.5949292923974134, 0.5950850671254524, 0.5972365511186429, 0.6062345354912568, 0.6062345354912568, 0.5999421161258277, 0.5922028109720704, 0.6058637467615448, 0.6092532287997074, 0.6087090366137864], [0.5835712491087943, 0.6040923433545765, 0.6076486923208463, 0.5960032232463763, 0.607850773637208, 0.5932658717751877, 0.5929982960812722, 0.6111762521841525, 0.5922028109720704, 0.5994668057333865, 0.6058637467615448, 0.6087955270773787], [0.584841007802228, 0.590967564473544, 0.5974747755509325, 0.5943431836497489, 0.603708182866023, 0.607850773637208, 0.603708182866023, 0.592741307696615, 0.5922028109720704, 0.592091991812431, 0.6058637467615448, 0.6087090366137864], [0.5914666714429043, 0.5975411008857848, 0.6023663989650985, 0.5937084992042942, 0.5932658717751877, 0.607850773637208, 0.5975917099873896, 0.6072768783628982, 0.6092532287997074, 0.6100612929816263, 0.5964964926368527, 0.6087090366137864], [0.5834283861853203, 0.6079272355854436, 0.6058226794428899, 0.5972365511186429, 0.6062345354912568, 0.6008291865121423, 0.5910335913805794, 0.5994668057333865, 0.592091991812431, 0.6100612929816263, 0.6087090366137864, 0.6087090366137864], [0.5816913314720685, 0.5823248675149676, 0.597938548508933, 0.6043640846020223, 0.5960032232463763, 0.6008291865121423, 0.592091991812431, 0.5999421161258277, 0.5922028109720704, 0.5994668057333865, 0.6053541740339087, 0.6117463344371389], [0.5771264198943475, 0.5842002368670294, 0.5992238688774937, 0.593945984964793, 0.5972365511186429, 0.603708182866023, 0.5960158699986662, 0.592741307696615, 0.5926952073593361, 0.5922028109720704, 0.6065922539323861, 0.6092532287997074], [0.5901963990490737, 0.5920417639437826, 0.6004445849893415, 0.5974747755509325, 0.6062345354912568, 0.607850773637208, 0.5972365511186429, 0.6060314977277078, 0.5922028109720704, 0.5994668057333865, 0.6092532287997074, 0.6087955270773787], [0.5822631082211811, 0.6021779396927918, 0.6067100838346918, 0.5932658717751877, 0.5932658717751877, 0.6008291865121423, 0.6062345354912568, 0.6065922539323861, 0.5994668057333865, 0.6107873103934167, 0.6065922539323861, 0.6087955270773787], [0.5878737940499827, 0.5897875289731817, 0.5970383330735963, 0.5938328795338526, 0.6062345354912568, 0.6008291865121423, 0.595202449184462, 0.5994668057333865, 0.6100612929816263, 0.6092532287997074, 0.6065922539323861, 0.6117463344371389], [0.5842720625161428, 0.5924166813927858, 0.5949411624053048, 0.5996800638766081, 0.607850773637208, 0.6062345354912568, 0.5868178511236795, 0.5900384973611904, 0.5922028109720704, 0.6090307661662311, 0.6092532287997074, 0.6117463344371389], [0.5818874821577266, 0.588743914782317, 0.5921056678757144, 0.5960032232463763, 0.607850773637208, 0.5932658717751877, 0.6042285483628459, 0.6147220567169128, 0.5926952073593361, 0.6092532287997074, 0.6065922539323861, 0.6087090366137864], [0.591447027274146, 0.5960348313331323, 0.5966120720187519, 0.6147220567169128, 0.6019508467648076, 0.6065922539323861, 0.6065922539323861, 0.6008291865121423, 0.6092901099021416, 0.6065922539323861, 0.6058637467615448, 0.6087090366137864], [0.581183086854479, 0.5896089053340601, 0.6147160291408224, 0.599469268295871, 0.607850773637208, 0.6062345354912568, 0.6100612929816263, 0.6072768783628982, 0.6100612929816263, 0.6088951308244265, 0.6092532287997074, 0.6087955270773787], [0.5923153378147272, 0.5933001118583929, 0.5915017476964365, 0.5943431836497489, 0.6019508467648076, 0.5932658717751877, 0.6092532287997074, 0.6088951308244265, 0.592091991812431, 0.5978908249353377, 0.6092532287997074, 0.6087955270773787], [0.5819378892531621, 0.6043640846020223, 0.5897080069031916, 0.5994668057333865, 0.5932658717751877, 0.6008291865121423, 0.6029768031918054, 0.6065922539323861, 0.5960032232463763, 0.5960032232463763, 0.6065922539323861, 0.6087090366137864], [0.6075571091690174, 0.6013664700612211, 0.5994729173893429, 0.6030981047862316, 0.5960032232463763, 0.5932658717751877, 0.5950850671254524, 0.6046841491434196, 0.5846422529560777, 0.6058637467615448, 0.5964964926368527, 0.6087955270773787], [0.575700083774863, 0.594537320865282, 0.5932407536962189, 0.5971640002968417, 0.5932658717751877, 0.6008291865121423, 0.5932658717751877, 0.6062113603935111, 0.5994668057333865, 0.6058637467615448, 0.6058637467615448, 0.6087090366137864], [0.575451957446396, 0.6062113603935111, 0.5974708010372898, 0.5994494019083934, 0.5932658717751877, 0.603708182866023, 0.6007128037202341, 0.6047396773282251, 0.5960032232463763, 0.6088951308244265, 0.6065922539323861, 0.6087955270773787], [0.5907853186329306, 0.5952085641998425, 0.592139397311344, 0.6147160291408224, 0.607850773637208, 0.6008291865121423, 0.6046841491434196, 0.6065922539323861, 0.6088951308244265, 0.5960032232463763, 0.6092532287997074, 0.6087955270773787], [0.577763295072577, 0.5888354086330742, 0.6015074470448349, 0.5922028109720704, 0.607850773637208, 0.5932658717751877, 0.5973765874235856, 0.6092532287997074, 0.6008291865121423, 0.6008291865121423, 0.6053541740339087, 0.6117463344371389], [0.5903148307900138, 0.5779349387754218, 0.5990483912694137, 0.6047396773282251, 0.5932658717751877, 0.6008291865121423, 0.6060338153764127, 0.5922028109720704, 0.5986271168604287, 0.6058637467615448, 0.6087955270773787, 0.6087955270773787], [0.5913347419251285, 0.5892035843724207, 0.6087955270773787, 0.6147220567169128, 0.607850773637208, 0.5932658717751877, 0.6037548161544175, 0.6092532287997074, 0.5922028109720704, 0.592091991812431, 0.6092532287997074, 0.6092532287997074], [0.5882643210421643, 0.6015184117595236, 0.6003701243068948, 0.5972365511186429, 0.6062345354912568, 0.6062345354912568, 0.594573626661163, 0.5940296244638542, 0.6014620754332933, 0.5983258483118296, 0.6058637467615448, 0.6087955270773787], [0.5995824567600069, 0.600240910351715, 0.5943156219549682, 0.590838767317457, 0.607850773637208, 0.607850773637208, 0.5886186831288049, 0.6065922539323861, 0.6092532287997074, 0.5994668057333865, 0.6058637467615448, 0.6087955270773787], [0.590046270434441, 0.5878498305721134, 0.5917735159630554, 0.5922028109720704, 0.5958072220349802, 0.6107806089623835, 0.590838767317457, 0.5970383330735963, 0.5994668057333865, 0.5978908249353377, 0.6058637467615448, 0.6087955270773787], [0.5884284897850375, 0.5939089421663252, 0.5909292958101464, 0.5943431836497489, 0.6062113603935111, 0.6008291865121423, 0.5955315064646346, 0.6016402835014688, 0.6092532287997074, 0.592091991812431, 0.6058637467615448, 0.6117463344371389], [0.5770210630840034, 0.5862740318566588, 0.6107806089623835, 0.5980581156261506, 0.6107806089623835, 0.6008291865121423, 0.5982433014710608, 0.592091991812431, 0.5973454626085956, 0.6088951308244265, 0.6065922539323861, 0.6087090366137864], [0.6074420036953712, 0.6100525308536778, 0.5984211406891516, 0.607850773637208, 0.5955320562435997, 0.603708182866023, 0.593945984964793, 0.6147220567169128, 0.5994668057333865, 0.5994668057333865, 0.6088951308244265, 0.6087955270773787], [0.5924247981475427, 0.5993534184957579, 0.5950850671254524, 0.5932658717751877, 0.5972365511186429, 0.6008291865121423, 0.5994668057333865, 0.6062113603935111, 0.6046841491434196, 0.6088951308244265, 0.6058637467615448, 0.6092532287997074], [0.5839279482394849, 0.5995704347663356, 0.593545957855607, 0.5932658717751877, 0.5876592880779203, 0.5932658717751877, 0.592804806761779, 0.599469268295871, 0.6065922539323861, 0.592091991812431, 0.6092532287997074, 0.6117463344371389], [0.599280426041432, 0.5932784370546049, 0.5986038675620096, 0.6058226794428899, 0.6062113603935111, 0.5932658717751877, 0.6100612929816263, 0.5971005160072824, 0.5922028109720704, 0.5971005160072824, 0.6053541740339087, 0.6087090366137864], [0.570973755516137, 