{"sys_time_budget": [0.016666666666666666, 0.0453133463910331, 0.12319796166922513, 0.3349507147072089, 0.9106642655671118, 2.4759147186946975, 6.731518876972201, 18.30165879660117, 49.75856427485322, 135.28362353441455, 367.8092216549427, 1000.0000000000005], "sys_acc": [[0.5964766021947316, 0.6093844476293669, 0.5906018961855662, 0.5906018961855662, 0.5906018961855662, 0.5906018961855662, 0.6225191207521598, 0.5939230735758471, 0.5939230735758471, 0.5939230735758471, 0.6056180728122623, 0.6056180728122623], [0.6051113724170011, 0.5906018961855662, 0.5994176192985506, 0.5906018961855662, 0.5906018961855662, 0.5906018961855662, 0.6044775174731022, 0.5939230735758471, 0.59550792387639, 0.5938912909268911, 0.6056180728122623, 0.6056180728122623], [0.6225191207521598, 0.5938912909268911, 0.5932346185701903, 0.5906018961855662, 0.5906018961855662, 0.5906018961855662, 0.5906018961855662, 0.5939230735758471, 0.5939230735758471, 0.5938912909268911, 0.6056180728122623, 0.6056180728122623], [0.5900142778624384, 0.5891519188509781, 0.5957782265771869, 0.5994176192985506, 0.5906018961855662, 0.5906018961855662, 0.5939230735758471, 0.6225191207521598, 0.5939230735758471, 0.5938912909268911, 0.6056180728122623, 0.6056180728122623], [0.605587876128867, 0.5994176192985506, 0.6225191207521598, 0.5957782265771869, 0.5906018961855662, 0.5906018961855662, 0.6203627242498546, 0.5939230735758471, 0.5939230735758471, 0.5938912909268911, 0.6056180728122623, 0.6056180728122623], [0.5846162607821873, 0.6132307021095152, 0.5954888025901462, 0.624720014965018, 0.5906018961855662, 0.5906018961855662, 0.6203627242498546, 0.6203627242498546, 0.5939230735758471, 0.5938912909268911, 0.6056180728122623, 0.6056180728122623], [0.6045754720880058, 0.624720014965018, 0.5906018961855662, 0.5906018961855662, 0.5906018961855662, 0.5906018961855662, 0.5928777121553264, 0.5891519188509781, 0.5939230735758471, 0.5938912909268911, 0.6056180728122623, 0.6180758309186444], [0.6060950460258688, 0.6057732020236533, 0.5906018961855662, 0.5906018961855662, 0.6203627242498546, 0.5906018961855662, 0.5825947616111031, 0.5939230735758471, 0.5939230735758471, 0.5939230735758471, 0.6056180728122623, 0.5939230735758471], [0.6087855905810365, 0.6180758309186444, 0.6225191207521598, 0.6203627242498546, 0.5906018961855662, 0.5906018961855662, 0.59550792387639, 0.6203627242498546, 0.5939230735758471, 0.5938912909268911, 0.6056180728122623, 0.6056180728122623], [0.5908846729343952, 0.5906018961855662, 0.6203627242498546, 0.5957782265771869, 0.6203627242498546, 0.5906018961855662, 0.6203627242498546, 0.5891519188509781, 0.5891519188509781, 0.5938912909268911, 0.6056180728122623, 0.6056180728122623], [0.5900142778624384, 0.5829548996558538, 0.6225191207521598, 0.5957782265771869, 0.5906018961855662, 0.5906018961855662, 0.6203627242498546, 0.5939230735758471, 0.5939230735758471, 0.5938912909268911, 0.6056180728122623, 0.6056180728122623], [0.5919338853564288, 0.5908846729343952, 0.6180758309186444, 0.6225191207521598, 0.5906018961855662, 0.5906018961855662, 0.6203627242498546, 0.5939230735758471, 0.5939230735758471, 0.5938912909268911, 0.6056180728122623, 0.6056180728122623], [0.5947510450838343, 0.5939230735758471, 0.6225191207521598, 0.5906018961855662, 0.5906018961855662, 0.5906018961855662, 0.5939230735758471, 0.5939230735758471, 0.5939230735758471, 0.5938912909268911, 0.6056180728122623, 0.6180758309186444], [0.6121136755235003, 0.6057732020236533, 0.6132307021095152, 0.5906018961855662, 0.5906018961855662, 0.5906018961855662, 0.6225191207521598, 0.5939230735758471, 0.5939230735758471, 0.5938912909268911, 0.6056180728122623, 0.5939230735758471], [0.5965881389868671, 0.5925116913513246, 0.5906018961855662, 0.5906018961855662, 0.5906018961855662, 0.5906018961855662, 0.6056787017849643, 0.5939230735758471, 0.5939230735758471, 0.5938912909268911, 0.6056180728122623, 0.6056180728122623]]}